,Accuracy,Precision,Recall,F1-Score,ROC-AUC
Logistic Regression,0.528,0.532258064516129,0.7615384615384615,0.6265822784810127,0.5168589743589743
Random Forest,0.52,0.5304878048780488,0.6692307692307692,0.5918367346938775,0.5408333333333333
XGBoost,0.484,0.5037037037037037,0.5230769230769231,0.5132075471698113,0.4760576923076923
